p;;1;2;3;4;5;6;7;8;9;10;11;12;13;14;15;16;17;18;19;20
n;x;;;;;;;;;;;;;;;;;;;;
1;1;39.86345818906144;49.50000000000005;53.593244658671374;55.83296112251304;57.240077132351466;58.2044164305559;58.90595324214129;59.43898056647725;59.857585145990534;60.19498034404625;60.47267638141713;60.70521187415789;60.90276378069788;61.07266752203242;61.22034325860999;61.349882252788966;61.464430370152186;61.566446091940875;61.65787844385903;61.74029240173841
;2;8.526315789473689;9.000000000000002;9.161790168179737;9.24341649025257;9.292626346321677;9.325530454639294;9.349081165549723;9.366770327370297;9.380544048326385;9.391572780149703;9.400602737700046;9.408132136525705;9.414506314864788;9.41997219347521;9.424711003502667;9.428858768804746;9.43251957439306;9.435774420819003;9.438687287677798;9.441309381297176
;3;5.538319456262241;5.46238325041917;5.3907732803297845;5.34264447848147;5.309157019496833;5.284731560080554;5.2661946397665105;5.251671081521463;5.239995861135731;5.230411270555229;5.222404757875621;5.215617828545013;5.209792495183341;5.204738501461784;5.20031253626089;5.196404635134388;5.192929037012155;5.189817885967552;5.187016798500907;5.184481683280213
;4;4.544770720371267;4.32455532033676;4.190860438872246;4.107249542250522;4.050579068987471;4.009749312673945;3.9789662437953788;3.9549399445423497;3.9356708150352513;3.9198756037312132;3.9066937421488572;3.8955268544858894;3.8859461031225413;3.8776361788941442;3.870360096149203;3.8639363119337307;3.858223417806072;3.8531096352815006;3.848505444781024;3.8443383097779282
;5;4.060419946872068;3.779716078773951;3.619477412539591;3.5201962455341254;3.4529822480379053;3.4045065849849685;3.367898748491108;3.339275711154337;3.3162808188555974;3.297401668029935;3.281623292596799;3.2682392147968975;3.2567425115476976;3.2467599902415025;3.2380108073558262;3.230279559057767;3.223398264396525;3.2172339914160695;3.2116801663361105;3.206650347114972
;6;3.7759496025835357;3.4633040700956514;3.2887615634582414;3.18076286505832;3.1075116666389313;3.0545506824589213;3.0144565047430874;2.983035614290499;2.9577407039669414;2.936934670848335;2.919517042502714;2.904720508833658;2.8919935646613797;2.8809295337722487;2.871221899897569;2.862635224183434;2.8549856487440652;2.848127489460246;2.8419438075097214;2.8363396461055164
;7;3.5894280908647977;3.2574420510913757;3.074071993909001;2.9605340887350957;2.8833444956782124;2.827392271031295;2.78493011750444;2.7515795773535867;2.724677721558275;2.702510481768047;2.6839237354388055;2.6681114238101404;2.6544932518028195;2.6426406497414017;2.6322301246397912;2.623012852575942;2.614794269158336;2.607420017413601;2.6007660540158897;2.594731544013291
;8;3.457918903885016;3.1131176401556915;2.9237962883137807;2.8064257061376416;2.7264469153905253;2.6683347236464505;2.624134873561194;2.589349055725637;2.561238209657016;2.5380367815503253;2.518554220730918;2.501957794072606;2.487647137507426;2.4751782447749724;2.464215528378265;2.4545005383925953;2.445830944346074;2.4380460487599924;2.431016576898638;2.424637336710528
;9;3.36030302387155;3.0064524174002636;2.8128629971823895;2.692680062502341;2.610612550029971;2.5508552486152887;2.5053132015549857;2.4694056526262185;2.4403404377094704;2.4163155830609;2.396114423121067;2.3788848644628517;2.364011811293647;2.3510398087878683;2.3396242151009106;2.3294993121983776;2.320456859968302;2.312331301562773;2.304989326561903;2.29832236139197
;10;3.2850153217037628;2.9244659623055673;2.7276731411650696;2.6053364313485807;2.521640686209624;2.4605819674472413;2.413965099846713;2.377150022640514;2.347305909750517;2.3226039408913106;2.3018079699438396;2.2840513010324504;2.2687076137802182;2.255312649245361;2.2435147436840155;2.2330424988940107;2.223683023649951;2.2152669118397674;2.207657637228893;2.2007439169179586
;11;3.225202282051659;2.8595109562411354;2.6602286837653133;2.5361882322068316;2.451184342974802;2.3890665616932565;2.3415656765895787;2.303997458288595;2.2735019819650373;2.2482299983650957;2.226930379706299;2.20872508845993;2.1929790065846118;2.179220917028694;2.1670935641993965;2.15632099504079;2.146686564884275;2.1380177430832776;2.1301753789836715;2.1230459676046034
;12;3.1765489310224275;2.806795605732417;2.605524920830678;2.4801020935726794;2.394022256842234;2.3310235657879947;2.282780482404778;2.2445749478910133;2.21352454495326;2.1877640788750923;2.166030617096386;2.1474371059842907;2.1313413764588915;2.1172665929386714;2.1048509535494304;2.09381477878888;2.08393833549767;2.0750465083971847;2.066997965277076;2.0596773456823336
;13;3.1362050930215983;2.763167356969488;2.5602728981903393;2.4337053409407416;2.3467237551113036;2.2829794421851473;2.2341029603299623;2.1953497356398275;2.1638195794408634;2.137634588833276;2.1155223430874703;2.0965884839494957;2.080185087654393;2.0658307020630393;2.0531597666284003;2.0418895034702937;2.0317975980665466;2.022706764496498;2.0144738302634035;2.006981863235808
;14;3.1022133943833694;2.7264684606119642;2.5222235975347784;2.3946921042060203;2.3069430514007236;2.2425585692949443;2.1931342910752396;2.1539044538917165;2.121954566976902;2.0953964206458027;2.072949840120567;2.0537144546141834;2.0370375720792664;2.02243389174451;2.0095347020275733;1.9980546141674025;1.9877691280973726;1.9784991120322186;1.970099822178293;1.9624529793894938
;15;3.0731855495938567;2.6951729315889423;2.489787733877814;2.3614331158694637;2.273022447867572;2.208081770331442;2.158178447535488;2.1185295015379535;2.086208749232668;2.059319496156818;2.0365751402243455;2.017070294447588;2.000148264664328;1.9853205019496272;1.9722156217620566;1.960546010189084;1.9500852964443347;1.9406527624414458;1.9321023090225125;1.9243144911163717
;16;3.0481098110878726;2.668171457306594;2.4618107532435456;2.332744869353626;2.2437576036838345;2.1783288043954316;2.1280026088875488;2.0879818512371;2.0553306587403246;2.0281452613669173;2.0051336637597266;1.9853862448881172;1.968242914002331;1.9532123515586517;1.9399208824333476;1.9280789777106841;1.917458650257383;1.9078778063549784;1.899189167470355;1.8912722707704726
;17;3.026231561405634;2.6446384680832966;2.4374339145798434;2.307747132995846;2.2182526487841208;2.1523917527837684;2.1016892470828;2.06133612551985;2.028388389450451;2.0009363014299244;1.9776832917014668;1.9577161287394103;1.940371810953034;1.925156633464972;1.911694940725065;1.8996955416241008;1.8889290409731132;1.8792121426549715;1.870396534044862;1.862360857306446
;18;3.0069765917954263;2.623946985133954;2.4160053771779433;2.2857717724180637;2.1958274675237397;2.129581186373964;2.0785414489424996;2.0378892585355537;2.004673729961921;1.9769800424841486;1.9535077095132702;1.9333403928403525;1.9158125747704422;1.9004284798674207;1.8868107268063483;1.8746666708057391;1.8637656811541137;1.8539234033968883;1.844990612079976;1.836845157176847
;19;2.989900279879796;2.6056123641797706;2.3970215034499525;2.2663025674880393;2.1759564965650458;2.109364218324535;2.0580204009476453;2.017097534909501;1.983638844020508;1.9557251387036798;1.9320525500961727;1.9117020452090494;1.8940059146950203;1.8784665725731855;1.8647051230644103;1.8524276414951995;1.8414024059913843;1.8314441247441031;1.8224027616580623;1.814155461436584
;20;2.974653017463769;2.589254117941672;2.3800870510696073;2.2489344017730426;2.158227220168426;2.0913224877909067;2.039702980586231;1.9985338713991447;1.9648533022616927;1.9367382987079778;1.9128820489329315;1.8923631654834323;1.874512016752582;1.8588294231019822;1.844935151325576;1.8325341430180382;1.8213937070094437;1.811327716623182;1.8021854119679253;1.7938433065702972
2;1;161.44763879758827;199.49999999999972;215.70734536960882;224.58324062625042;230.16187811010633;233.98600035626586;236.76840027699492;238.88269480252382;240.54325471326283;241.88174725083303;242.9834581967028;243.90603848907415;244.68984729720242;245.36397721822908;245.94992620525045;246.46392227525646;246.91844409060107;247.32324405808848;247.68605391920073;248.01308208473898
;2;18.512820512820497;18.999999999999982;19.164292127511278;19.246794344808947;19.296409652017232;19.329534015154014;19.353217536092913;19.370992898066444;19.38482571817147;19.39589672357173;19.404957958951034;19.412511147223462;19.41890383940149;19.42438440821089;19.429135069563525;19.433292534321644;19.436961378591906;19.440222961518547;19.443141529482645;19.44576849061692
;3;10.127964486013928;9.552094495921155;9.276628153144804;9.117182253246417;9.01345516752258;8.940645120770375;8.886742955634274;8.845238459959395;8.812299555206442;8.785524710524003;8.763332829630814;8.744640661465281;8.728681246586724;8.714896379309746;8.70287013489668;8.692286267687626;8.682900046931636;8.674519128621274;8.666990253586961;8.660189801930695
;4;7.708647422176786;6.944271909999155;6.591382116425578;6.388232908695868;6.2560565021608845;6.163132282688632;6.094210925698886;6.0410444761191515;5.9987790312102485;5.964370552238031;5.93581269860324;5.911729109110719;5.891144003826306;5.873346264154793;5.857805360765317;5.844117426631236;5.83196957186758;5.821115623371649;5.811359236921615;5.802541893252822
;5;6.607890973703367;5.786135043349964;5.40945131805649;5.192167772803923;5.050329057632646;4.950288068694318;4.875871695833996;4.818319535656869;4.772465613100857;4.73506306969342;4.703967233305545;4.677703791777522;4.655225485735413;4.635767721332322;4.618759116405834;4.6037640291910105;4.5904444681489895;4.57853415747194;4.5678204577293195;4.55813149739652
;6;5.987377607273699;5.143252849784718;4.757062663089414;4.533676950275243;4.387374187406127;4.283865713822639;4.2066584878692055;4.146804162276531;4.099015541716521;4.059962794330699;4.027442042013365;3.9999353833188764;3.976362661444819;3.955933942927707;3.938057988395037;3.9222833625314104;3.9082593482965216;3.8957092981022154;3.88441203205969;3.8741885810265098
;7;5.591447851220738;4.73741412777588;4.346831399907815;4.120311726897633;3.9715231506113415;3.865968853123844;3.7870435399280677;3.725725317122702;3.6766746989395105;3.636523120628346;3.603037269200539;3.574676446629416;3.550342565564623;3.529231400368911;3.5107401846336757;3.4944080872919594;3.4798766589666887;3.4668628327391735;3.4551400565353956;3.444524832075323
;8;5.317655071578714;4.458970107524511;4.06618055135116;3.837853354555897;3.6874986663400273;3.5805803197614603;3.5004638550449405;3.438101233373157;3.3881302347397266;3.3471631202339784;3.312950656887376;3.283939005726405;3.259019235306189;3.2373781462672633;3.2184055133123417;3.201634272992393;3.186700739135893;3.173317419511913;3.1612540014496755;3.150323773502854
;9;5.117355029199227;4.25649472909375;3.8625483576247643;3.6330885114190794;3.481658653901522;3.373753647039214;3.29274583891712;3.2295826126867744;3.178893104458269;3.137280107888696;3.1024854075283774;3.072947121878092;3.0475493071149398;3.0254727242822095;3.0061019723688758;2.988965557308775;2.9736959957990807;2.960002533514334;2.947652046536553;2.9364553921614402
;10;4.9646027437307145;4.1028210151304005;3.7082648190468435;3.478049690765229;3.3258345304130112;3.217174547398992;3.135464804626326;3.071658385279037;3.0203829470213743;2.9782370160823213;2.9429572680064884;2.9129767215826394;2.8871746930253264;2.8647276833645763;2.8450165269958436;2.8275664308079733;2.8120070310634127;2.798045060913383;2.7854452033702657;2.7740163983211223
;11;4.844335674943618;3.9822979570944836;3.5874337024204936;3.356690021132593;3.2038742627296206;3.094612887909139;3.0123303430431005;2.947990318638635;2.896222761287703;2.8536248582732555;2.8179304699530863;2.7875693256804888;2.7614174418170805;2.7386482144734807;2.718639647578389;2.7009144104901424;2.6850998846469163;2.6709008084361394;2.658080103304694;2.6464451537303018
;12;4.747225346722511;3.8852938346523933;3.490294819497605;3.259166726901249;3.1058752390841255;2.9961203775171086;2.9133581790111958;2.848565142067682;2.796375489499248;2.753386768835854;2.7173314409728953;2.686637112495684;2.660177458292912;2.6371235576309178;2.6168512341321115;2.59888115841638;2.582838905876943;2.568427595945977;2.55540870491042;2.543588329652956
;13;4.667192731826848;3.805565252978057;3.4105336446278476;3.1791170525401866;3.025438300098257;2.9152692387027512;2.8320975016349377;2.7669131819177477;2.7143557890598924;2.671024228555126;2.6346504607077588;2.6036607476283007;2.576927084472978;2.5536187919216373;2.533109983130745;2.514919725658298;2.498672122849927;2.4840689580450928;2.470870502843103;2.458881771801464
;14;4.600109936669421;3.738891832440735;3.3438886781189123;3.112249847961388;2.958248913122196;2.8477259959253582;2.764199256778178;2.698672418709306;2.6457907352338195;2.602155051042708;2.5654974067604948;2.534243252748561;2.5072633744760586;2.483725741128222;2.4630031048756615;2.4446132291789;2.4281790009492816;2.413401086247768;2.4000387397218446;2.387896055137584
;15;4.543077165266973;3.6823203436732412;3.2873821046365115;3.055568275906593;2.9012945362361573;2.790464997367506;2.706626782225695;2.6407968829069017;2.5876264352275844;2.543718549692808;2.506805725701858;2.4753129734757695;2.448110210139466;2.4243643571062585;2.4034470714953375;2.3848750436598882;2.368270144011739;2.3533320942369085;2.339819281665458;2.3275350089882942
;16;4.493998477666352;3.63372346759163;3.238871517453585;3.0069172799243438;2.852409165081986;2.741310828338778;2.6571966002210865;2.5910961798744006;2.5376665388806527;2.493513221281608;2.4563694312747426;2.4246600016633857;2.3972542334648264;2.3733182311223566;2.3522227628073846;2.333483627467641;2.3167218381527994;2.301636311134584;2.287984687671151;2.2755695852259965
;17;4.451321772468133;3.5915305684750827;3.1967768409433432;2.964708110041078;2.809996174529597;2.6986599016298727;2.614299045133317;2.547955357769852;2.494291494564196;2.449915500394245;2.412561441820178;2.3806541615770063;2.3530625335528828;2.3289520232604737;2.307692672080975;2.2887995326100583;2.2718928890253784;2.256670965423525;2.2428907565605884;2.230354282175398
;18;4.413873419170566;3.554557145661787;3.1599075898007243;2.9277441728071842;2.7728531529978295;2.6613045229279;2.5767217292599143;2.5101578953835753;2.4562811491592678;2.4117020398339197;2.374155593858973;2.342066798045434;2.314304242282721;2.290032892206543;2.268622191606519;2.249586563962084;2.232545669574088;2.217197133717373;2.203297387335537;2.1906479255678017
;19;4.380749692331793;3.521893260578827;3.127350005113399;2.8951073075078413;2.7400575416853448;2.628318038338514;2.543534301429705;2.4767701474512958;2.4226989371239696;2.3779336872898322;2.340210440602502;2.307954423931027;2.280034052486401;2.255613901763996;2.234062922006619;2.2148950033328627;2.197729268843808;2.182262822715185;2.168251601406261;2.155496637131508
;20;4.351243503329288;3.492828476735632;3.09839121214078;2.8660814020156584;2.7108898372096917;2.5989777115642014;2.5140110629988337;2.4470637479798225;2.39281410844228;2.3478775669983114;2.3099912103073525;2.277580573546421;2.249513981268602;2.224955706187772;2.203274289561166;2.1839831670720335;2.16670099681198;2.1511244271218306;2.137008958583402;2.1241552129197356
3;1;4052.1806954768217;4999.499999999993;5403.3520137385385;5624.583329629436;5763.649554155702;5858.986106686191;5928.355731586513;5981.070307797715;6022.473244968262;6055.84670739582;6083.316783111058;6106.320707691287;6125.864664798845;6142.673972459645;6157.28461506438;6170.101194683884;6181.434837941967;6191.528701714214;6200.575563770748;6208.730221762314
;2;98.50251256281399;98.99999999999991;99.16620137447148;99.24937185533092;99.29929647786403;99.33258886540332;99.35637370018719;99.37421481891582;99.38809272171433;99.39919597453934;99.40828106938707;99.415852404754;99.42225921964588;99.42775099440084;99.43251069614142;99.43667555979654;99.44035053609294;99.443617257718;99.44654017456305;99.44917084870183
;3;34.116221564529795;30.816520350478235;29.456695126754635;28.709898387298182;28.23708083775504;27.910657357696017;27.671696070326135;27.489177030536197;27.345206333571472;27.22873412147429;27.1325667914091;27.051819256142444;26.983057458466423;26.92379675225114;26.872194956574003;26.8268572795959;26.786708261421694;26.750905325251075;26.71877897273863;26.689790510114985
;4;21.197689584391295;17.99999999999999;16.694369237175078;15.977024852557667;15.521857544425238;15.206864861157523;14.975757704446693;14.798888790632583;14.659133574738856;14.545900803323374;14.452284350344867;14.373587012200316;14.30650191037485;14.248633097931586;14.198201869426416;14.153859886678768;14.114566361207334;14.079505047669246;14.048026757450666;14.019608680826574
;5;16.25817703983365;13.273933612004825;12.059953691651982;11.39192807134976;10.967020650907992;10.672254792434334;10.45551089176089;10.289311046135927;10.15776154793334;10.05101721957127;9.962648432255536;9.888275486817584;9.824810627839183;9.7700136730737;9.722219474815601;9.680164308418728;9.642871644127066;9.609574861975174;9.579663671831392;9.552646161788777
;6;13.74502253330417;10.92476650083833;9.779538240923273;9.14830103022785;8.745895256019915;8.466125340476895;8.259995270968982;8.1016513667387;7.9761213666233575;7.874118533565625;7.789569740039353;7.718332655277604;7.657483170782182;7.604897282980692;7.558994415220463;7.51857375290138;7.482706456632273;7.450662666602625;7.421860850039007;7.395831891323806
;7;12.246383348435081;9.546578021102288;8.451285053079985;7.846645062546597;7.460435492989262;7.191404785204001;6.992832778711379;6.840049071829344;6.718752481824472;6.620062670291438;6.53816563157135;6.469091278841487;6.410034010081518;6.3589537552089865;6.314330875999414;6.2750097598926216;6.240095731120502;6.208885181038853;6.180817046717181;6.155438385572835
;8;11.258624143272643;8.649110640673515;7.590991947598852;7.006076622955586;6.631825164509592;6.370680730239201;6.177624260952247;6.028870106612573;5.910618849190865;5.814293855122656;5.734274559904698;5.666719263877374;5.608910523158587;5.55887055963263;5.5151248396996;5.476551108671356;5.442279821826467;5.41162661533148;5.384045379107414;5.35909494076933
;9;10.561431047395386;8.021517309932058;6.991917222233463;6.422085458153197;6.056940714118669;5.801770306535126;5.612865477376243;5.46712251541477;5.351128861148587;5.256541991288461;5.177890350116531;5.1114310168730634;5.054514262750388;5.005210057507303;4.962078356399955;4.924022340541855;4.890191568857808;4.8599162576373205;4.832661584598466;4.807995228786875
;10;10.04428927339659;7.559432157547899;6.552312557515209;5.994338661629364;5.636326187669078;5.385811044845793;5.2001212505499685;5.0566931317444155;4.942420652088609;4.849146802080025;4.771518060266832;4.7058696861591525;4.649605476274883;4.6008330780742694;4.558139604523206;4.520448216180088;4.486923435322089;4.45690686263369;4.42987245928181;4.4053947663954
;11;9.646034111966236;7.205713350457377;6.2167298115386505;5.66830021287877;5.316008918608493;5.069210431195262;4.886072039212871;4.744467643935464;4.631539747647497;4.5392818112533195;4.462436043152857;4.397401077427035;4.341624058842306;4.293243107628922;4.250867262961179;4.213435781891207;4.180125211990341;4.150286277066049;4.123399954760061;4.099046248667621
;12;9.330212103168536;6.9266081401913;5.952544681545868;5.4119514344731385;5.0643431111429145;4.820573501880306;4.639502446564337;4.499365280847432;4.387509963180189;4.29605440400905;4.219819998398951;4.155257790817787;4.099850752451709;4.051762163226898;4.009619140411033;3.97237418912746;3.939213733120114;3.909495970138922;3.882707609505853;3.8584331026977883
;13;9.073805728515653;6.7009645358807814;5.739380282773378;5.205330189416244;4.8616212079068;4.620363395584853;4.440997410665113;4.302062010896446;4.191077781811038;4.100267262363516;4.024518443247973;3.960326445188747;3.9052043579347204;3.857336597572912;3.8153654521504294;3.7782545284055877;3.7451985112840993;3.715561836846829;3.688835986431669;3.6646091039546107
;14;8.861592665176424;6.514884102182759;5.563885839693745;5.035377973329437;4.694963579397715;4.455820025927756;4.277881853265639;4.139946075127238;4.029680336895874;3.9393963713246283;3.864038965660925;3.800140837340899;3.745240763290876;3.6975411776258547;3.6556972908674266;3.6186821554617077;3.5856974749855075;3.5561129758367387;3.529424177359551;3.5052223399424305
;15;8.683116817638966;6.358873480667171;5.416964857818421;4.89320958932158;4.555613984653006;4.318273053767035;4.141546307030954;4.004453186416943;3.894788107125065;3.8049397459502736;3.7299019123326165;3.6662397836079657;3.6115143148777946;3.56394349298617;3.522193676700347;3.4852460603105233;3.4523083900569262;3.4227549401360355;3.396084694658809;3.371891582092541
;16;8.53096528589621;6.226235280311386;5.2922140455209465;4.772577999723211;4.437420495539601;4.2016337042750695;4.025946590665066;3.8895721399261913;3.7804151699135695;3.690931417895162;3.6161574438015913;3.552686743147398;3.4980996225705794;3.4506276383184122;3.408946872392492;3.37204561577197;3.3391368768303686;3.309598885244543;3.2829336339175934;3.2587373638219246
;17;8.39974014518963;6.112113715797879;5.18499991729522;4.6689676019514135;4.335939083183074;4.101505325976616;3.9267193882777245;3.790964178224182;3.6822415240458644;3.593066133605821;3.518512183779596;3.4551980993254086;3.4007212271707155;3.353325072991197;3.3116942797215914;3.2748233840472696;3.2419300222709784;3.212395899418179;3.185725648558088;3.161517536555099
;18;8.285419555099654;6.012904834800529;5.0918895204140115;4.579035966598449;4.247882150231737;4.014636507354758;3.840638659897973;3.705421881172038;3.5970739135457515;3.508161729699272;3.4337928676157197;3.3706078722906927;3.3162192161877075;3.268881013485949;3.2272855071105733;3.190432776968458;3.15754456472693;3.1280056560052745;3.101323021713919;3.077096720200263
;19;8.184946822468913;5.925879022292857;5.010286843619603;4.500257698906698;4.1707669806148076;3.93857261547994;3.765269394639336;3.6305245827022596;3.522502539910153;3.4338168829739026;3.3596049428705053;3.2965270298467986;3.2422091371870287;3.194914864517334;3.153343250733932;3.116499331967503;3.083608519308134;3.054058350296051;3.027357882541575;3.003108771658135
;20;8.09595806408569;5.848931924611141;4.938193382310539;4.430690161437775;4.102684630584732;3.8714268151294102;3.69874015205505;3.5644120532989314;3.4566756315171587;3.3681863891887414;3.294108428721851;3.2311198312104135;3.1768587520245717;3.129597325800596;3.088040707511768;3.0511983936872107;3.01829909713398;2.9887328305712737;2.962010527287966;2.937735277365816
4;1;16210.722720219726;19999.499999999975;21614.741398568854;22499.583332407354;23055.798232237656;23437.1111100049;23714.56580070104;23925.406248824445;24091.00410892093;24224.486847747397;24334.358059875376;24426.366182578753;24504.535600866344;24571.76733709816;24630.205145691383;24681.46729756996;24726.79819418956;24767.170381354976;24803.35490564857;24835.970906074814
;2;198.50125313283195;198.99999999999983;199.16643460468538;199.24968671629983;199.29964912224258;199.33296203411157;199.35675924442177;199.3746083953441;199.38849180498872;199.3995989968286;199.408687006102;199.4162605581287;199.42266909810323;199.42816224165844;199.4329230476773;199.43708881510327;199.4407645404228;199.44403188973658;199.44695533779452;199.4495864654743
;3;55.55195673922072;49.79927840030088;47.46722825289195;46.19462233009277;45.39164571347147;44.838468334317284;44.43410058254316;44.12557171472898;43.88240114951183;43.68580112089259;43.52355793028988;43.38738679013766;43.271469136315055;43.17159828488631;43.08465730931434;43.00828756089711;42.94067126488455;42.88038486845271;42.82629765590505;42.77750012528618
;4;31.332771624083804;26.284271247461888;24.259119890262625;23.154501437901434;22.456425540919483;21.974579253831465;21.621690533348797;21.35198035532115;21.139083690141867;20.966730267961886;20.824329305744918;20.70468754548369;20.602746688976115;20.51484536062574;20.438267654753282;20.37095624797926;20.31132405923478;20.25812708166796;20.21037638591755;20.16727589903733
;5;22.784780529962475;18.313830185046818;16.52977046049827;15.556059804546626;14.939605459912224;14.51326300612403;14.20044563601112;13.960962603567928;13.771645378228811;13.618179614544925;13.491236161713926;13.384470841948458;13.293417106519724;13.214838239443134;13.146330766987916;13.086072208951899;13.032655329605406;12.984976123219798;12.942156235623855;12.903488063388421
;6;18.63499624266369;14.54410642927719;12.916601323012646;12.027530293408812;11.463695659496246;11.073038910397157;10.785915998565711;10.565763505631496;10.391486137743238;10.250037119981638;10.132904153667704;10.034292212168252;9.950117011078488;9.877415809431701;9.813986432625542;9.758157499852933;9.708637325941345;9.664411728365799;9.624673196443187;9.588770727993905
;7;16.235558091131903;12.403956748367692;10.882447491347621;10.050491247534545;9.522058823519481;9.155335920511785;8.885389029419123;8.678114744794293;8.513823106451555;8.380325933496692;8.269663692239353;8.176412529220443;8.09674618283433;8.027886563782928;7.967766949405542;7.914817460504879;7.867823898306287;7.825832207375634;7.788082214145242;7.7539606689292935
;8;14.688199473513526;11.04241237234557;9.596474991496931;8.805129525002881;8.301798845071652;7.951992242248363;7.694143004332486;7.495905914813598;7.338595205550329;7.210635915223316;7.104463000242378;7.014917229573654;6.93835606533362;6.872132709651507;6.814276596323451;6.763289778431072;6.718012871420928;6.6775342743785515;6.641127173184215;6.608204870951087
;9;13.613608569184173;10.106713561590764;8.717055284058135;7.9558851321010815;7.471158108510959;7.1338502826853665;6.884908418831704;6.693300164666299;6.541089626853058;6.417159654879662;6.314239564170134;6.227367420082936;6.153037521075272;6.088700730615751;6.032457904973507;5.982864440918033;5.938801532697365;5.899388950555191;5.863924483406276;5.831840978358687
;10;12.826470384373417;9.426999059072134;8.080746652690882;7.342805737092736;6.872366757013484;6.544630543930098;6.302486892120596;6.115918750103615;5.967570271494809;5.846678425058182;5.746200145511634;5.661325973920108;5.588655871670271;5.525716035024284;5.470662343740162;5.42209123110921;5.378915058267494;5.34027764867032;5.30549562031915;5.274016748576593
;11;12.226310676598455;8.912249756849867;7.600432675198084;6.880890939511884;6.421745481034773;6.1015544524011665;5.864752364133913;5.682129732005596;5.53679224409714;5.418258675748385;5.319667079460438;5.236329276949109;5.164929222996037;5.10305294650063;5.048899983028467;5.001099283660524;4.958587871372718;4.920528572499512;4.886252855156837;4.85522024666577
;12;11.754229922506886;8.50962705073174;7.225764413590927;6.521138746058449;6.07113170191844;5.757030785978872;5.524526871376867;5.34506765341426;5.202134575030144;5.085475902412428;4.988377188038713;4.906249003612008;4.835843664289538;4.774795863709217;4.72134061419553;4.674133264370399;4.63213083258883;4.5945115307199735;4.560618831409248;4.529921745864013
;13;11.373540013146853;8.18648856100082;6.9257550593533725;6.233456307513273;5.790988699046678;5.481900692779314;5.2529244083524205;5.07605251048771;4.935078195577498;4.819940198598089;4.724046510613692;4.642889670564618;4.5732787208845815;4.512888719279497;4.45998408363345;4.413242023562332;4.371636099013911;4.334357234221716;4.3007588068232705;4.270317641136765
;14;11.06025267278529;7.921641815736891;6.680352694417933;5.998406510923765;5.562261173266905;5.2573678381681574;5.031335295718103;4.856615309218806;4.71726384539371;4.603380246998838;4.5084757735371825;4.428112101856825;4.359146116569818;4.299286906234515;4.246823667700605;4.20045201908936;4.159159437251621;4.122147530397751;4.088777990542525;4.0585341913685555
;15;10.798049489746298;7.7007586240231705;6.47603896337405;5.802906861482703;5.372136869979099;5.070802930228757;4.8472618735086614;4.674357423097409;4.5363700105753955;4.423536235205126;4.329455637804236;4.2497490082172735;4.181314135352233;4.121889197886012;4.069784566209743;4.023711579804191;3.9826695923407636;3.945869321704977;3.912679541653258;3.8825891974650966
;16;10.57545765503701;7.513819579894872;6.303384583371823;5.637845244446377;5.211700016997056;4.913422893770469;4.692016356384996;4.520662623110609;4.383836077770249;4.271891973891332;4.178506196136124;4.099350665274023;4.031358553618239;3.9722932013984718;3.9204832884942724;3.8746537435409225;3.8338141802970225;3.797183180431533;3.7641356253827465;3.7341652605737967
;17;10.384183431207726;7.353616083697954;6.155620738694791;5.496688914058202;5.074563791523434;4.77893935715213;4.559380937869763;4.389365990096005;4.253538154790498;4.142356281706742;4.04956293663707;3.9708747118439187;3.9032556973481003;3.8444912193023266;3.7929259538748306;3.7472966984729363;3.7066220239745995;3.670127373024722;3.6371929518279287;3.6073166868123785
;18;10.218086758386537;7.21483407588972;6.027767597290069;5.374637242878229;4.956038183970524;4.662736817185739;4.444793417727848;4.2759451950472736;4.140984781338584;4.030462262453447;3.938178953465911;3.859890816549313;3.792589195470891;3.7340787982004118;3.6827184016665355;3.6372552635482847;3.5967158461971827;3.5603316340480107;3.5274875193518067;3.497685105153688
;19;10.072527397352903;7.093472848451829;5.916082867662774;5.2680863527542705;4.852604642172482;4.561354099529492;4.344833594765394;4.177010624629065;4.042809977583996;3.9328627051133442;3.8410222799458817;3.7630796286440105;3.696050304778809;3.6377562356249578;3.5865687257310013;3.5412443250060543;3.500816504379396;3.464522112105888;3.431750198511526;3.402005626884897
;20;9.94393492093467;6.986464646342467;5.817701662708889;5.17427991448808;4.761573675153205;4.472146588447703;4.256888840200119;4.089973482233699;3.9564433228165883;3.847001752145257;3.7555488628496025;3.6779068446694607;3.61111290407441;3.5530043717377198;3.501963759489927;3.4567559297846993;3.4164206222174345;3.3801994812433462;3.3474852737204563;3.317785775401693
5;1;405284.0679028485;499999.49999999924;540379.2016479955;562499.5833332953;576404.5558319233;585937.1111110661;592873.2879033083;598144.156249952;602283.9916417574;605620.971223909;608367.6788001286;610667.8212618855;612622.0054372135;614302.7548871216;615763.6620068451;617045.1824705884;618178.4254744097;619187.7040098379;620092.2937254382;620907.6726835276
;2;998.5002501250619;998.9999999999991;999.166620347207;999.2499374687295;999.2999299649769;999.3332592221981;999.3570662882402;999.3749218359119;999.388809631147;999.3999199599738;999.4090102902629;999.4165856076124;999.4229955214231;999.4284897550754;999.4332514405289;999.4374179277074;999.4410942495406;999.4443620987385;999.4472859698484;999.4499174587232
;3;167.02922380155437;148.49999999999994;141.10846120453905;137.1003627215109;134.58002195748824;132.84746890208157;131.58285720994368;130.61900876416814;129.85996333959073;129.24668157507836;128.74083753082007;128.31646361667583;127.95533927696988;127.64430168661187;127.37360428624261;127.13587577016692;126.92543794400804;126.73784593549814;126.56957054347762;126.41777396613213
;4;74.1372933223024;61.245553203367564;56.17718848946338;53.435829122760445;51.711568561326246;50.52502194913262;49.65788673359782;48.99618876920976;48.47451134737307;48.05258911663094;47.70426550534428;47.411804171558906;47.16274984355385;46.94809722802194;46.761172937157205;46.596926051976006;46.45146298527784;46.321733772492856;46.20531520818797;46.10025763926527
;5;47.18077921641326;37.12232981152782;33.202463184876905;31.08500557175378;29.75239857731612;28.834360984025196;28.162647018510103;27.649475370876488;27.244458577516422;26.916567589770686;26.645632546433564;26.41796643520194;26.22395018541051;26.056623750606885;25.910825505498305;25.78264592712357;25.669069219330026;25.567731475547134;25.476753405345193;25.394622094525214
;6;35.507490252952195;26.999999999999996;23.70330864991084;21.923541361676325;20.802663959456698;20.029654721882714;19.463408041461847;19.030333119371;18.688181571684034;18.410924797180684;18.18163319301397;17.988810774786153;17.82437260672027;17.682464559565453;17.55874215715311;17.449912596297313;17.35343418269383;17.267313406846537;17.189964515350283;17.12011019609678
;7;29.24519335944176;21.688998555040314;18.772269815098984;17.19799377568402;16.205800323701894;15.520840443387293;15.018556751568058;14.634006632332582;14.329900468930568;14.083255383355421;13.879114782734302;13.707316335322265;13.560708532978401;13.434109823617732;13.323672446039962;13.22647828363937;13.140273526198518;13.06328945252076;12.994118352674453;12.931625737571721
;8;25.41476047255983;18.493653007613958;15.829489581520669;14.391584514382373;13.484689447249291;12.858026142617026;12.398041230891577;12.045541244154931;11.766532494658426;11.540056108819085;11.35246630026942;11.194486478435312;11.059584815375404;10.943026056153217;10.84129186811874;10.751712491312576;10.672224821751078;10.601208954411252;10.537374973707955;10.479682821409916
;9;22.857125154314765;16.3871497512575;13.90180319103314;12.560318739590734;11.713667311566283;11.128129779632951;10.697947908142364;10.368000374264787;10.106627875095633;9.894304921208283;9.71831386056994;9.5700050925704;9.44328528454649;9.333734849936604;9.238068345025603;9.153791486754422;9.078975833444547;9.012106495420683;8.951976625643786;8.897612712606877
;10;21.039595271003954;14.905358527674858;12.552745388943725;11.282751512131545;10.480722468097891;9.925612908516941;9.517454314286674;9.204149864855587;8.955774135309436;8.753866275447297;8.586397931131335;8.445185056660907;8.324459817391158;8.220036860760468;8.128803473894166;8.048395454927892;7.976984129879223;7.913132363639287;7.8556947734105975;7.8037470530192135
;11;19.68678564791941;13.811554538183218;11.561125849997056;10.34611596516942;9.578375041067416;9.046621909342432;8.655347931125464;8.354786262227464;8.11634734291084;7.922390621377807;7.76141882977134;7.6256065766328565;7.509436729703822;7.4089042903951485;7.32102949191954;7.243548205748237;7.174708470080584;7.113132901063247;7.057723318960015;7.007593180841817
;12;18.64332156878554;12.973665961010273;10.804204377720447;9.632726102792533;8.892109207464914;8.378814227001396;8.000868383682782;7.710352308534696;7.47973583900393;7.292029029762653;7.136155851503205;7.004575369184988;6.891969258646442;6.794475508668637;6.709219720081604;6.634017046649227;6.56717627268239;6.507367304518269;6.453529299548872;6.404805566379275
;13;17.81542047361908;12.31272981065888;10.20893558864113;9.072738308660998;8.354088262601262;7.855728193092458;7.488554552574516;7.206147376961611;6.981836474629264;6.799160117498903;6.647384304092895;6.519199067212158;6.40944749383986;6.314383643421783;6.2312186275550205;6.157831919813389;6.092581566376036;6.034175805378372;5.981584042414676;5.933973755909019
;14;17.14336025969069;11.778870566958076;9.729366314629935;8.622319637382633;7.921807358382706;7.435768360570025;7.077472347164465;6.801739795513821;6.582612113834715;6.404064741256684;6.255646785067251;6.130239468952061;6.022819489303545;5.9297369732896;5.848273793179864;5.77636263318636;5.7124022790008135;5.655132656148627;5.603548163473538;5.556836239761208
;15;16.587416340965248;11.339148236321849;9.335253584839293;8.25268374470155;7.567391978177549;7.091684190345958;6.74082473812342;6.470676857843034;6.255880292367395;6.080778142374002;5.935157650719078;5.812060875574423;5.706576911008806;5.615136695506554;5.535081616470097;5.464389102870801;5.401492188533173;5.345157428046398;5.294400215140279;5.248424747890659
;16;16.12019550730145;10.970989645293242;9.005936855560376;7.944202271098888;7.271859486459565;6.804934647934358;6.460391445599224;6.19498166298;5.983855012373736;5.811668028770134;5.668411004912956;5.547263154176725;5.443409425820685;5.353349675034949;5.274476039946263;5.204804098997587;5.142796079423568;5.0872412280272075;5.0371728231931145;4.991809333636161
;17;15.722226353848582;10.658438190245718;8.72685203612592;7.683062089213548;7.021866265536388;6.562497004688127;6.2233826655254525;5.962041027780944;5.754061542019155;5.5843710757915925;5.4431350845390565;5.32365111745592;5.221186833887516;5.1323015562814955;5.054431212973177;4.98562429601267;4.924368214932826;4.8694717861981704;4.819983707200831;4.775134745476658
;18;15.379305977407743;10.389912210286951;8.487454528283061;7.459277514804217;6.807775867003298;6.354973351239949;6.020573523424235;5.7627611974176975;5.557508841311057;5.389978841593485;5.25048929100285;5.132440874224948;5.0311733447877875;4.943297862627673;4.866288527697119;4.798222520644645;4.737609197867325;4.683274427903161;4.634280340165421;4.589868412813193
;19;15.08084101594662;10.1568117705905;8.279932106176402;7.265460600349297;6.622465306159527;6.175421570621768;5.845153016090357;5.590430453644359;5.387562914814636;5.221919789308682;5.083953355538236;4.967154982495954;4.866927822738569;4.779928625392885;4.70366506182574;4.636239543101876;4.576180725215076;4.522329469701749;4.473759713627166;4.429722348057849
;20;14.818775550957161;9.95262314968875;8.098379786583402;7.096034067322516;6.46056184970736;6.018608472396961;5.6919890433362;5.439993192872251;5.239227999956876;5.075246211209697;4.938618988589336;4.822918059273397;4.723602764071146;4.637370260304085;4.561757977067725;4.494890689661638;4.435314160289203;4.381882538080161;4.333680222954579;4.289966445021389
6;1;1621138.2716111357;1999999.5000004412;2161518.1399258985;2249999.5833338196;2305619.423328362;2343749.611111617;2371494.294471076;2392577.7500005164;2409137.077678857;2422484.984896355;2433471.8061103285;2442672.368381602;2450489.0986726605;2457212.0909777894;2463055.7146947817;2468181.79238309;2472714.760721907;2476751.871595647;2480370.227534073;2483631.7407348524
;2;1998.5001250314788;1999.0000000002203;1999.1666435129496;1999.2499687424056;1999.2999649914675;1999.3332962872544;1999.3571045824874;1999.3749609279514;1999.3888492701499;1999.3999599902174;1999.4090506099794;1999.4166261474973;1999.423036232651;1999.4285306022578;1999.4332923973925;1999.4374589743384;1999.441135370567;1999.4444032821098;1999.447327205982;1999.4499587399048
;3;266.5492017912548;236.6101577952474;224.70118138053851;218.25081572923835;214.19725083350878;211.41179902328926;209.3792069864274;207.83032964580215;206.6107464286572;205.62548189799648;204.8128977707734;204.13123986786542;203.55121566314392;203.05166672642326;202.6169279215542;202.2351529372636;201.89721723861174;201.5959787191859;201.3257669759274;201.08202275948923
;4;106.21888556629037;87.44271909999651;80.09249620518474;76.12415688781755;73.63071456149336;71.9159982492287;70.66345889042273;69.70799603599356;68.9549182823764;68.3459738098539;67.84333870108529;67.42137437282977;67.06208157415018;66.75244990004907;66.48284001798396;66.24595749935241;66.03618020942666;65.84910478050728;65.68123316164832;65.52975121876852
;5;63.611047460660146;49.78197762956597;44.42245126761391;41.53441460587449;39.71944678884322;38.470291095628035;37.55691988906806;36.8594824250673;36.309253054027444;35.86394324997798;35.49608143649245;35.1870353538827;34.92371610009981;34.696656424003315;34.498837536149324;34.32494470469495;34.17087913694242;34.03342870633332;33.9100402729324;33.79865878938376
;6;46.08155982446947;34.797631496847586;30.45347685524286;28.115213417730974;26.645215826726776;25.632647421198207;24.891558663552512;24.325133254758832;23.877858840639455;23.515568707009283;23.21605766803412;22.964257254909377;22.749575902826525;22.564348093461497;22.40288739196164;22.260885416006484;22.13501759225763;22.022677105441264;21.921790858144597;21.83068935962213
;7;36.98775830654706;27.205733174331918;23.457187761891777;21.44083788396217;20.172647695623585;19.29838450680153;18.657942585036388;18.168003870448253;17.780796941182356;17.46691232488703;17.207229016380214;16.98876522071194;16.802391288582722;16.641496149678115;16.50117289913253;16.37770176874443;16.268210881976053;16.170447240346565;16.08261824592809;16.003279619731984
;8;31.555304177153502;22.749612199057616;19.386543494921813;17.578227509282506;16.440336770553063;15.655301732014278;15.079741387122594;14.639069885429777;14.290522636493705;14.007766723246524;13.773675396207993;13.576615852689182;13.408403311439905;13.263108019296748;13.136326590444234;13.024719322800049;12.92570653331239;12.837263503518015;12.757778536833946;12.685952537633975
;9;27.991018057950182;19.865466738817535;16.77002060325928;15.10595725095169;14.058341229271086;13.335075760674503;12.804392697305648;12.397768100700404;12.075912815842148;11.814629316098392;11.598174877694376;11.41585275035502;11.260133640389473;11.125560316418413;11.008078490319305;10.904611869370168;10.812783197788033;10.730725838630882;10.65695331151816;10.590266967159833
;10;25.492125811872906;17.86525259636682;14.965500510700307;13.406810085651559;12.425086275556714;11.746871106996219;11.248890084080093;10.867052456031198;10.564610678315937;10.318928824795092;10.115276241827415;9.943640585735785;9.796971742413932;9.670157822215028;9.559399597784061;9.461813163711621;9.375169054172684;9.297715996874606;9.2280588503011;9.165072200835821
;11;23.652008771807;16.405338135722282;13.654463996510017;12.175867795270927;11.24419339642089;10.600170811906953;10.126989031507422;9.76393074547236;9.476182536763565;9.242296878406707;9.048313309406113;8.88474028766751;8.744892282473709;8.623920104139373;8.518218498187913;8.42504982302475;8.342296930494635;8.268296188021722;8.20172181165901;8.141503972886616
;12;22.244982306718406;15.297219958533814;12.66318249422205;11.247395831810087;10.354944834385098;9.737699490617393;9.283922664779665;8.93554527026412;8.659272356234062;8.434589473483445;8.248140904522447;8.090844023340368;7.9562995325119985;7.839864455409571;7.738085768564913;7.648340587673028;7.568599859436579;7.497268664910041;7.433075577471111;7.374994312766975
;13;21.13665190601489;14.429754065657065;11.889725385202935;10.524443966563032;9.66351433866486;9.067773684450456;8.629568528106086;8.29296130327599;8.025879400825797;7.808559571784279;7.62813300127912;7.475846303978529;7.345530634371651;7.232709023928518;7.134050979115328;7.0470259620487266;6.96967579032244;6.900460805746983;6.838153280535257;6.781761921872255
;14;20.242396324966844;13.73355407161654;11.270728949806406;9.946901385828516;9.111830482135305;8.533720254588722;8.108271755057308;7.781298502833947;7.521732210380229;7.310426930214165;7.134914004146692;6.986710645353922;6.859837412882023;6.749953768502155;6.653829904635333;6.5690111528171835;6.493597542448201;6.426094792242749;6.365311045375373;6.310283721694303
;15;19.506468893221466;13.163248381768067;10.76491463391197;9.475698557351052;8.662207983027777;8.09880261585752;7.6839863525557135;7.365035961532342;7.111722522717782;6.9054160841384435;6.733982517779503;6.589165275724906;6.465143276976364;6.3576900486556704;6.263659956520517;6.180661749832107;6.106844106545698;6.040750658262832;5.981219509959895;5.927312056158836
;16;18.89074601329655;12.688010904505099;10.344330090138426;9.084433030784602;8.289215146350463;7.738254090092951;7.332429527315108;7.020258652175259;6.772224211355658;6.570133820256228;6.402137076481684;6.260169333172882;6.13854384177357;6.033130888443314;5.940856237729157;5.859382426470149;5.7868993873372245;5.7219828960310934;5.663496453963864;5.610521771229333
;17;18.368324558157624;12.286214078188989;9.989421982698062;8.75466946088406;7.97511654080049;7.4348185109431455;7.036693684755044;6.730323787865937;6.48680242190562;6.288312852753735;6.123248294807278;5.983708894945148;5.864123271153275;5.760444810339107;5.669660596258866;5.589479356794506;5.5181264486224775;5.4542052438535995;5.396601042636205;5.3444129882140095
;18;17.919705391902;11.942263518987522;9.686129035925193;8.473172431445322;7.707193547808408;7.176130980328438;6.784671072325266;6.483318877727575;6.2436979173502145;6.048317394786528;5.885781937166532;5.748334720731606;5.630504503597159;5.528316809624464;5.438811952220408;5.359738755006853;5.289353321524083;5.226282973479853;5.169431925740095;5.117914444921109
;19;17.53042686135711;11.644647376726526;9.424096127599602;8.230209604094492;7.476103383631166;6.953115227922937;6.567479078674298;6.270508294041124;6.034290377175586;5.841619965761827;5.681286859978075;5.545659531917511;5.429354474075754;5.3284604154587525;5.240064309906291;5.161950112985064;5.092400867163221;5.0300648755230055;4.973862921041694;4.922922515001125
;20;17.189546697750142;11.384691999823996;9.195538223862904;8.018474148905975;7.274838217412762;6.7589678955129235;6.378462854693046;6.085349848718066;5.852125951184048;5.661837806315144;5.5034387302569305;5.369407854136685;5.254439165698669;5.154677227783005;5.06725019738046;4.989973066724322;4.921152676258164;4.859455862769209;4.8038180428600015;4.753378424232328
7;1;40528472.790277384;49999999.50001104;54037964.1648143;56249999.58334574;57640495.1832093;58593749.61112404;59287366.50463433;59814452.7500132;60228435.83086057;60562133.42240921;60836803.88003124;61066817.876207024;61262236.08220146;61430310.84587361;61576401.40070319;61704553.30957758;61817877.488636225;61918805.23433592;62009264.109404765;62090801.91837162
;2;9998.500025002355;9999.0000000011;9999.166662037907;9999.24999375079;9999.299993000752;9999.333325926658;9999.3571352048;9999.374992188212;9999.388880967783;9999.3999920007;9999.409082851938;9999.41665856551;9999.423068787677;9999.428563265998;9999.43332514884;9999.437491797567;9999.441168253286;9999.44443621468;9999.447360180744;9999.449991750687
;3;784.0072806301033;694.738325041968;659.340044578467;640.1908043709673;628.1651043025391;619.9050354076179;613.8792901538264;609.2885314638554;605.6743672307846;602.754968802955;600.3474833834775;598.3280732632683;596.6098764965809;595.130161055026;593.8424878687839;592.7117426383008;591.710881446144;590.8187378230011;590.0185081199778;589.2966823734995
;4;241.6190628892222;198.000000000011;181.01791655817422;171.8707802034385;166.1309240804103;162.1870652533486;159.3079535330834;157.1126911159869;155.38302533123914;153.9847894639904;152.83091640345475;151.86241580156607;151.03789004282874;150.3274252991536;149.70886467511917;149.16544522835108;148.6842496993603;148.2551628757111;147.87015049457563;147.5227500340027
;5;124.94120241521364;97.0267926383787;86.29162844861656;80.52679983418555;76.91122960388078;74.42612998885905;72.61078419716468;71.22560842443178;70.13341540975709;69.24988422514492;68.52028673098174;67.90753124821543;67.3855772316543;66.9355991762073;66.54364650120878;66.19915969205752;65.89399786423691;65.62178310954585;65.37744733754575;65.15691216873427
;6;82.48901480891391;61.63304070095888;53.680321591860604;49.418658185442695;46.74657095767044;44.90926558110486;43.566302840706925;42.540868247154044;41.73176928597068;41.076815267005664;40.535635915270994;40.080862762219084;39.69327450627473;39.358969776124844;39.067642551248206;38.811488541879974;38.584488383201005;38.38192423371123;38.20004558408459;38.03583312071722
;7;62.16666899114971;45.13234230306134;38.676451131044416;35.222006119360806;33.05626518096468;31.566516150225695;30.476950213898938;29.64445770523484;28.987168042831115;28.454768558926585;28.014594987635327;27.64449734141162;27.328914207342443;27.056586965149492;26.81916556191689;26.61032433435992;26.425182405245454;26.25991273661887;26.111471795541647;25.977408490746065
;8;50.69445529015648;36.0000000000011;30.45613777791883;27.492835673343485;25.634990127392836;24.356503797973613;23.42091965919624;22.705638924065116;22.14054642138901;21.682555252659377;21.303688693306047;20.984971006742313;20.71306687876356;20.47832502436507;20.273584929547386;20.093420087621006;19.93364186449156;19.790964799260784;19.662775119509938;19.546967099804498
;9;43.476650017818045;30.341865720651573;25.403637676723417;22.766093716118807;21.11234895476032;19.973850569909004;19.14026147466949;18.50259148337966;17.998523535534016;17.58976366072009;17.251444283989365;16.966694988426852;16.723656831008956;16.513744443713424;16.33058608561968;16.169351401202398;16.02631065771015;15.898537360434231;15.783702541237531;15.679929309028182
;10;38.57715317420359;26.547867224010357;22.037621626226645;19.630051821649246;18.12031981760292;17.08055583201308;16.31887575075243;15.73590050389093;15.274819796780633;14.90072410658123;14.590941275303388;14.330087434037164;14.107346037241511;13.914884252894572;13.746887155010375;13.598945172248463;13.467652431521165;13.350335727550071;13.244867014755599;13.149530806632963
;11;35.060540309706404;23.851845771635293;19.658504089534368;17.421077574756776;16.01784045932502;15.051059174841331;14.342510921025124;13.799930412692564;13.37058295056504;13.022063827968289;12.73332570235695;12.490084874637533;12.282296231300277;12.102683821910347;11.945844727952263;11.807680693172907;11.685025414829283;11.575393022580178;11.476804046359298;11.387662328047925
;12;32.42694067072945;21.849533001677187;17.899491929257273;15.792597725748875;14.471026951172357;13.560191025427734;12.892354391555855;12.380711819512738;11.97565664488926;11.646706643059844;11.37406156696435;11.144282137204534;10.947915330960619;10.77811259564224;10.629787196803484;10.499079762396104;10.38300779603837;10.279229133565082;10.185878257244786;10.101450510929334
;13;30.387822172023654;20.310071488859244;16.55227120759839;14.54845162405624;13.291343175735287;12.424650582707962;11.78892409581831;11.301671870863654;10.915758342479425;10.602220073414838;10.342242081117433;10.12305223599996;9.935665308521198;9.773570410726547;9.6319305934914;9.507075185883311;9.39616686752634;9.296976961009284;9.207729922734604;9.126993330277752
;14;28.766199450051676;19.093156042204992;15.490838758921225;13.570340577090851;12.36532239068134;11.534288316635989;10.924489831711133;10.456923287960311;10.08645150898304;9.785339376273406;9.535568787727687;9.324907228256276;9.14474784409596;8.9888528657531;8.852587373587086;8.732433309466373;8.625670752674075;8.530162787264672;8.444206608196371;8.366428179017735
;15;27.448045290541355;18.109116553752386;14.635001208797116;12.78317281597844;11.621071341400837;10.81940636317482;10.230954639351223;9.779588436011277;9.4218182447769;9.130921764670493;8.889538015312658;8.685879484718626;8.51165136568771;8.360841131755935;8.228980475137936;8.11267718949716;8.009308159477927;7.9168121253328465;7.8335462457645475;7.758184608320104
;16;26.356862649500737;17.298221281347384;13.931537450894824;12.137229918509288;11.011066974705388;10.233988199696306;9.663400378354408;9.225585619117197;8.87843512385392;8.596075379235302;8.361696150536913;8.163882918817245;7.994602442252576;7.848031003832459;7.719839957372797;7.60674258771598;7.506196918345211;7.4162050960519865;7.335174528444706;7.261819624586248
;17;25.4395651395599;16.61927849922487;13.343867200422945;11.598411117654877;10.502762137703366;9.746552574342552;9.19112277153271;8.764802135382494;8.42665492391392;8.151528820145536;7.923081590161823;7.730215695995911;7.56512019679134;7.422131848814997;7.297040708931618;7.186649721073688;7.088485867211512;7.0006051783404954;6.921457760386368;6.8497922807749365
;18;24.65823891178444;16.04303461986443;12.846089354994898;11.142616965768541;10.073185935354937;9.334902691884741;8.792489175240354;8.376034789260359;8.045612293031049;7.7766894548145595;7.553326468630422;7.364698389774044;7.203185463513045;7.063262465808153;6.940821550378281;6.8327427772661675;6.736612438285657;6.650532906658257;6.572991007323609;6.502764865530041
;19;23.985130014380818;15.548183537938694;12.419390502498311;10.752373007747316;9.705702399885139;8.982977590816054;8.45185759173313;8.043960440756724;7.720234880392976;7.456687336103086;7.237727620507415;7.052767634047646;6.894353749818915;6.757080681264779;6.636929306654627;6.530846702734424;6.436470703144777;6.351943952215956;6.275785181461296;6.206798110911003
;20;23.399482443941626;15.11886431509608;12.049799820069088;10.414723257662668;9.387990892840824;8.678892233654306;8.157660301971257;7.757252815116248;7.439386269464166;7.180539241228125;6.965428027916122;6.783672176066592;6.627963719025534;6.493002538610219;6.374847316069103;6.270503897025202;6.17765531375458;6.094479524791599;6.0195232395776985;5.951612619847131
